{"cameraMode":{"drawMode":0,"name":"Shaded","section":"Shading Mode"},"sceneLighting":true,"audioPlay":false,"sceneViewState":{"m_AlwaysRefresh":false,"showFog":true,"showSkybox":true,"showFlares":true,"showImageEffects":true,"showParticleSystems":true,"showVisualEffectGraphs":true,"m_FxEnabled":true},"in2DMode":false,"pivot":{"x":-20.22981834411621,"y":30.36256980895996,"z":-36.46656799316406},"rotation":{"x":-0.16752567887306214,"y":0.0038442485965788366,"z":-0.0007219880353659391,"w":-0.9859321117401123},"size":11.33178997039795,"orthographic":false}