{"cameraMode":{"drawMode":0,"name":"Shaded","section":"Shading Mode"},"sceneLighting":true,"audioPlay":false,"sceneViewState":{"m_AlwaysRefresh":false,"showFog":true,"showSkybox":true,"showFlares":true,"showImageEffects":true,"showParticleSystems":true,"showVisualEffectGraphs":true,"m_FxEnabled":true},"in2DMode":false,"pivot":{"x":-12.772316932678223,"y":2.501162052154541,"z":3.8531436920166017},"rotation":{"x":-0.09004507958889008,"y":0.05614875629544258,"z":-0.005152643192559481,"w":-0.9944106340408325},"size":10.366214752197266,"orthographic":false}